Name,Email,Contact,Address
Dacey,mi@arcuiaculis.org,8899836641,228-257 Lorem Avenue
Violet,Etiam.gravida@Curabituregestas.co.uk,3044945127,1370 Quam. Rd.
Abra,auctor.Mauris@velitSedmalesuada.co.uk,9066126424,2458 Nunc Rd.
Kylan,nec@eu.co.uk,9524548594,684-5026 Orci Avenue
Halla,semper@Mauris.org,1049049737,790-4920 Sed Street
Macon,a.felis@dolorsit.edu,2374953473,259-6796 Eget Avenue
Orlando,elit.pretium@sagittisNullam.co.uk,7252084620,374-6681 Non St.
Gary,diam.vel@libero.ca,7416611263,"P.O. Box 718, 3462 Ac Ave"
Dominic,ac.mattis@aauctornon.ca,5607213951,453-2060 Amet St.
Brett,Morbi@duilectusrutrum.co.uk,4763592245,"4186 Amet, Rd."
Berk,commodo.hendrerit@auctorveliteget.ca,1302993627,564-9235 Dui Road
Winter,est.tempor@ipsum.ca,1004705455,"8927 Sapien, Rd."
Allistair,Donec.luctus.aliquet@mattisvelitjusto.edu,6424010445,"P.O. Box 905, 3980 Risus Av."
Malcolm,Suspendisse.aliquet.sem@massaVestibulum.com,209195911,"Ap #614-6078 Odio, Road"
Kalia,ut.erat.Sed@ultricesposuere.ca,7830566839,6450 Integer Rd.
Forrest,dapibus@tellus.ca,6404187042,Ap #643-173 Et Ave
Nola,eu@necurna.com,6023314554,"Ap #208-5337 Vulputate, Road"
Madeson,neque.Nullam@quamelementumat.net,8568822790,220-6309 Facilisi. Rd.
Julie,Donec.dignissim@feugiatSednec.co.uk,170814962,Ap #856-2355 Maecenas St.
Germaine,id@pellentesqueafacilisis.org,3763657190,"Ap #170-5732 Montes, Rd."
Denise,Lorem.ipsum@diam.edu,5089198590,"P.O. Box 654, 9588 At St."
Lance,Integer@nequeNullam.org,4333107104,"P.O. Box 930, 3892 A Rd."
Madison,mi@diamProindolor.org,9457927047,"P.O. Box 351, 8974 Nibh. Ave"
Ifeoma,Fusce.fermentum.fermentum@purus.ca,8622503060,5526 Sit Road
Ahmed,vestibulum.lorem@libero.net,5643993656,Ap #196-3540 Amet Ave
Cassady,mi.fringilla.mi@pedeNunc.com,276831598,Ap #864-2605 Erat Street
Karyn,tincidunt.neque.vitae@risus.edu,3133295097,Ap #102-3945 Bibendum Rd.
Callum,magnis@ultriciessem.com,4249546169,Ap #420-2270 Velit Rd.
Diana,Etiam.ligula.tortor@consectetuer.com,3048659801,4207 Nulla. Avenue
Camden,Nulla.aliquet.Proin@elitpretium.net,5272811581,"P.O. Box 668, 8772 Tempor Street"
Stacey,sociosqu.ad.litora@vulputate.com,7727562258,600-871 Diam. Rd.
Germane,dolor@pedeCum.co.uk,1384638772,Ap #827-311 Ligula. Rd.
Anne,vulputate@accumsan.net,9174362852,6442 Placerat Av.
Uriel,dui.Fusce.aliquam@porttitor.co.uk,2895256267,"443-1510 Vulputate, Street"
Leila,adipiscing.elit.Curabitur@vulputatenisi.edu,449557705,"Ap #687-2145 Lectus, Av."
Vivien,sed.facilisis@musProinvel.org,3940879085,318-7889 Eu St.
Holmes,interdum.ligula@IntegerurnaVivamus.ca,9826910225,616-251 Eu Rd.
Grace,leo@auctorvelit.com,9550329997,2925 Enim Ave
Yoshi,sed.facilisis@Aliquamnec.edu,9803067798,Ap #841-3270 Aliquam Rd.
Barbara,Nam.consequat@dictum.com,5877067240,793-6191 A Rd.
Maile,egestas.Duis.ac@sedturpis.com,2949549512,"5095 Eu, St."
Jin,augue.ac.ipsum@pedeCrasvulputate.net,3353214627,Ap #677-5107 Nibh St.
Lester,orci.lobortis@SeddictumProin.edu,8778174957,Ap #921-4851 Aliquet. St.
Lucas,cubilia.Curae@necquam.edu,7723988713,Ap #286-6395 Diam. Avenue
Palmer,enim.nec@hymenaeos.edu,9344277343,"Ap #660-5909 In, Ave"
Carson,auctor@velit.com,2363397442,871-1255 At Avenue
Mercedes,elit.pretium@faucibus.ca,9780018128,Ap #829-9048 Ligula St.
Quentin,odio.a@Sed.net,6543036044,503-3448 Aliquam St.
Darryl,Nulla@magnamalesuadavel.com,5379661834,184-8502 Curae; Street
Hiram,non.luctus@Cras.com,1733631589,Ap #893-1852 Proin Road
Idona,erat.vel@Innec.ca,9812821917,496-3024 Ligula. Street
Fay,nostra.per.inceptos@sociis.org,4416037421,9202 Duis St.
Raja,montes@mattisIntegereu.co.uk,984400095,"P.O. Box 117, 9451 Convallis, Ave"
Paula,laoreet.ipsum@morbitristique.org,2372605666,"P.O. Box 785, 9086 Sit Ave"
Xenos,sociis.natoque.penatibus@enim.com,5181764065,7734 Nec Rd.
Donovan,Pellentesque.habitant.morbi@congueaaliquet.org,7054383702,9911 Eu Rd.
August,non@mollis.org,7236831189,"P.O. Box 590, 1834 A Road"
Avram,adipiscing.ligula@ligula.ca,9807360669,417-2422 Elit. Rd.
Cailin,ac.urna@magna.co.uk,1663022109,"P.O. Box 545, 4543 Vitae Street"
Dylan,vitae.odio@ProindolorNulla.net,6727291987,819-6793 Hymenaeos. Rd.
Holmes,Proin@nec.ca,5469285002,"P.O. Box 818, 6756 Mattis Avenue"
Xanthus,interdum.Curabitur.dictum@massa.co.uk,8708078209,Ap #958-3307 Ipsum Avenue
Bo,eleifend.non.dapibus@purusNullamscelerisque.co.uk,5421794497,1988 Aliquet. Av.
Hyacinth,et@elitCurabitursed.org,8611439233,Ap #478-5616 Proin Rd.
Ulric,sodales.elit@musDonecdignissim.co.uk,5895876487,137-920 Massa Avenue
Kermit,purus.mauris@iaculisaliquetdiam.co.uk,8491125344,"Ap #823-1805 Quis, St."
Danielle,Aliquam.auctor@velest.org,3953602910,473-424 Rutrum Road
Hanna,Sed@eleifendnuncrisus.com,350500311,Ap #556-6693 Luctus Ave
David,Nunc.ac@inceptoshymenaeosMauris.ca,9664142601,107-7813 Dis Road
Dennis,arcu.Vivamus.sit@ornare.org,432905266,616-8632 Consequat Avenue
Kellie,Duis.volutpat@magnaLoremipsum.org,1300665823,3290 Aliquam Street
Buffy,dui.nec.urna@lacusQuisque.co.uk,3065672342,9804 Orci St.
Lance,nec.imperdiet.nec@Suspendisse.net,517279608,Ap #189-2593 Lacus St.
Ayanna,blandit.enim.consequat@nascetur.ca,3687774127,1956 Fringilla Rd.
Irene,sed.tortor@semeget.net,9011399285,880 Consequat St.
Clinton,lobortis@Phasellus.edu,4567482961,Ap #787-4143 Ut St.
Cody,Cum@vulputate.co.uk,8963665123,7906 Auctor Street
Akeem,mauris.elit.dictum@risusDonecnibh.ca,369560936,Ap #949-7250 Diam Road
Tallulah,ligula@Nunc.org,9770775041,1038 Fames Street
Gregory,quis.pede@duiinsodales.edu,3257741812,154-4112 Nunc Avenue
Velma,Sed.auctor.odio@Mauris.edu,2122947319,Ap #857-4523 Nunc Street
Abbot,sit@euarcu.com,2283566761,344-5844 Neque. Street
Garrett,amet@rutrumurna.ca,6087726776,Ap #442-4870 Convallis Avenue
Yen,dis.parturient@acmi.co.uk,6448393074,"Ap #794-667 Mauris, Ave"
Madeson,mauris.sapien@Donectemporest.edu,7942674978,"P.O. Box 535, 3103 Morbi Rd."
Mallory,velit.Pellentesque.ultricies@luctus.edu,9536308098,3769 Donec St.
Jackson,semper.Nam.tempor@nuncsed.org,7961025928,"P.O. Box 576, 3387 Sem Avenue"
Wendy,Duis.elementum@necdiamDuis.org,3756879559,269-3393 Aliquam Street
Declan,Nam@magnis.net,1071721213,773-3044 Curabitur St.
Ori,fringilla.cursus.purus@ac.ca,3287722890,Ap #610-8836 Lorem Av.
Baker,porttitor@malesuadafamesac.org,2278204215,2681 Nec St.
Jael,vehicula.risus@nibh.org,4020034041,240-2983 Mauris Ave
Ezra,Suspendisse.dui@velitinaliquet.com,2604298894,"P.O. Box 868, 1421 Class Street"
Daniel,gravida.Aliquam@eratVivamus.ca,9846874108,"P.O. Box 412, 5998 Ante Rd."
Bryar,venenatis.vel@Vestibulum.net,8623744404,"392-1402 Congue, Rd."
Alvin,rutrum.magna@etliberoProin.co.uk,5254426752,855-9447 Risus. Ave
Amity,Sed@cursusNunc.ca,109871082,"P.O. Box 220, 5810 Sed, St."
Marny,vitae.risus@Ut.co.uk,617824702,"P.O. Box 397, 5632 Consequat St."
Orlando,venenatis@feugiatplaceratvelit.co.uk,4997453547,8797 Aliquam Av.
Roanna,Mauris@vitaeodiosagittis.edu,2831201151,212-5298 Mi Rd.
